-- postgres://hltdcueppjvstq:V0W-r68mgt4_xCkAclQbkEVmRJ@ec2-54-235-183-28.compute-1.amazonaws.com:5432/dapeu46cg6vc6f

delete from PRATICAR_SIMULADOS_QUESTOES;
delete from PRATICAR_SIMULADOS;
delete from USUARIOS_RELATORIO;
delete from QUESTOES_ALTERNATIVAS;
delete from QUESTOES;
delete from AREAS_CONHECIMENTO;
delete from INSTITUICOES_ENSINO_CURSO;
delete from CURSOS;
delete from CONCURSOS;
delete from INSTITUICOES_ENSINO;


-- Áreas de Conhecimento
insert into AREAS_CONHECIMENTO (ID, NOME) values (1, 'Biologia');
insert into AREAS_CONHECIMENTO (ID, NOME) values (2, 'Química');
insert into AREAS_CONHECIMENTO (ID, NOME) values (3, 'Geografia');
insert into AREAS_CONHECIMENTO (ID, NOME) values (4, 'Física');
insert into AREAS_CONHECIMENTO (ID, NOME) values (5, 'Literatura da Língua Portuguesa');
insert into AREAS_CONHECIMENTO (ID, NOME) values (6, 'Lingua Inglesa');
insert into AREAS_CONHECIMENTO (ID, NOME) values (7, 'História');
insert into AREAS_CONHECIMENTO (ID, NOME) values (8, 'Matemática');
insert into AREAS_CONHECIMENTO (ID, NOME) values (9, 'Lingua Portuguesa');


-- Cursos
insert into CURSOS (ID, NOME) values (1, 'Administração');
insert into CURSOS (ID, NOME) values (2, 'Administração Pública e Social');
insert into CURSOS (ID, NOME) values (3, 'Agronomia');
insert into CURSOS (ID, NOME) values (4, 'Arquitetura e Urbanismo');
insert into CURSOS (ID, NOME) values (5, 'Arquivologia');
insert into CURSOS (ID, NOME) values (6, 'Artes Visuais');
insert into CURSOS (ID, NOME) values (7, 'Biblioteconomia');
insert into CURSOS (ID, NOME) values (8, 'Biomedicina');
insert into CURSOS (ID, NOME) values (9, 'Biotecnologia');
insert into CURSOS (ID, NOME) values (10, 'Ciências Aeronáuticas');
insert into CURSOS (ID, NOME) values (1, 'Ciências Atuariais');
insert into CURSOS (ID, NOME) values (2, 'Ciências Biológicas');
insert into CURSOS (ID, NOME) values (13, 'Ciências Contábeis');
insert into CURSOS (ID, NOME) values (14, 'Ciências da Computação');
insert into CURSOS (ID, NOME) values (15, 'Ciências e Inovação em Alimentos');
insert into CURSOS (ID, NOME) values (16, 'Ciências Econômicas');
insert into CURSOS (ID, NOME) values (17, 'Ciências Jurídicas e Sociais');
insert into CURSOS (ID, NOME) values (18, 'Ciências Sociais');
insert into CURSOS (ID, NOME) values (19, 'Comunicação Social');
insert into CURSOS (ID, NOME) values (20, 'Design');
insert into CURSOS (ID, NOME) values (21, 'Educação Física');
insert into CURSOS (ID, NOME) values (22, 'Enfermagem');
insert into CURSOS (ID, NOME) values (23, 'Engenharia Ambiental');
insert into CURSOS (ID, NOME) values (24, 'Engenharia Cartográfica');
insert into CURSOS (ID, NOME) values (25, 'Engenharia Civil');
insert into CURSOS (ID, NOME) values (26, 'Engenharia de Alimentos');
insert into CURSOS (ID, NOME) values (27, 'Engenharia de Computação');
insert into CURSOS (ID, NOME) values (28, 'Engenharia de Controle e Automação');
insert into CURSOS (ID, NOME) values (29, 'Engenharia de Energia');
insert into CURSOS (ID, NOME) values (30, 'Engenharia de Materiais');
insert into CURSOS (ID, NOME) values (31, 'Engenharia de Minas');
insert into CURSOS (ID, NOME) values (32, 'Engenharia de Produção');
insert into CURSOS (ID, NOME) values (33, 'Engenharia de Sofware');
insert into CURSOS (ID, NOME) values (34, 'Engenharia Elétrica');
insert into CURSOS (ID, NOME) values (35, 'Engenharia Física');
insert into CURSOS (ID, NOME) values (36, 'Engenharia Hídrica');
insert into CURSOS (ID, NOME) values (37, 'Engenharia Mecânica');
insert into CURSOS (ID, NOME) values (38, 'Engenharia Metalúrgica');
insert into CURSOS (ID, NOME) values (39, 'Engenharia Química');
insert into CURSOS (ID, NOME) values (40, 'Escrita Criativa');
insert into CURSOS (ID, NOME) values (41, 'Estatística');
insert into CURSOS (ID, NOME) values (42, 'Farmácia');
insert into CURSOS (ID, NOME) values (43, 'Filosofia');
insert into CURSOS (ID, NOME) values (44, 'Física');
insert into CURSOS (ID, NOME) values (45, 'Física Médica');
insert into CURSOS (ID, NOME) values (46, 'Fisioterapia');
insert into CURSOS (ID, NOME) values (47, 'Fonoaudiologia');
insert into CURSOS (ID, NOME) values (48, 'Gastronomia');
insert into CURSOS (ID, NOME) values (49, 'Geofísica');
insert into CURSOS (ID, NOME) values (50, 'Geografia');
insert into CURSOS (ID, NOME) values (51, 'Geologia');
insert into CURSOS (ID, NOME) values (52, 'Gestão do Turismo');
insert into CURSOS (ID, NOME) values (53, 'História');
insert into CURSOS (ID, NOME) values (54, 'Hotelaria');
insert into CURSOS (ID, NOME) values (55, 'Jornalismo');
insert into CURSOS (ID, NOME) values (56, 'Letras');
insert into CURSOS (ID, NOME) values (57, 'Matemática');
insert into CURSOS (ID, NOME) values (58, 'Matemática Empresarial');
insert into CURSOS (ID, NOME) values (59, 'Medicina');
insert into CURSOS (ID, NOME) values (60, 'Medicina Veterinária');
insert into CURSOS (ID, NOME) values (61, 'Museologia');
insert into CURSOS (ID, NOME) values (62, 'Música');
insert into CURSOS (ID, NOME) values (63, 'Nutrição');
insert into CURSOS (ID, NOME) values (64, 'Odontologia');
insert into CURSOS (ID, NOME) values (65, 'Pedagogia');
insert into CURSOS (ID, NOME) values (66, 'Políticas Públicas');
insert into CURSOS (ID, NOME) values (67, 'Produção Audiovisual');
insert into CURSOS (ID, NOME) values (68, 'Psicologia');
insert into CURSOS (ID, NOME) values (69, 'Publicidade e Propaganda');
insert into CURSOS (ID, NOME) values (70, 'Química');
insert into CURSOS (ID, NOME) values (71, 'Química Industrial');
insert into CURSOS (ID, NOME) values (72, 'Relações Internacionais');
insert into CURSOS (ID, NOME) values (73, 'Relações Públicas');
insert into CURSOS (ID, NOME) values (74, 'Saúde Coletiva');
insert into CURSOS (ID, NOME) values (75, 'Serviço Social');
insert into CURSOS (ID, NOME) values (76, 'Sistemas de Informação');
insert into CURSOS (ID, NOME) values (77, 'Teatro');
insert into CURSOS (ID, NOME) values (78, 'Teologia');
insert into CURSOS (ID, NOME) values (79, 'Zootecnia');


--Instituições de Ensino
insert into INSTITUICOES_ENSINO (SIGLA, NOME, SITE, PRIVADO) values ('UFRGS', 'Universidade Federal do Rio Grande do Sul', 'http://www.ufrgs.br/', false);
insert into INSTITUICOES_ENSINO (SIGLA, NOME, SITE, PRIVADO) values ('PUCRS', 'Pontifícia Universidade Católica do Rio Grande do Sul', 'http://www.pucrs.br/', true);
insert into INSTITUICOES_ENSINO (SIGLA, NOME, SITE, PRIVADO) values ('MEC', 'Ministério da Educação', 'http://www.mec.gov.br/', false);




--Cursos oferecidos pelas Instituições de Ensino
insert into INSTITUICOES_ENSINO_CURSO (ID_INSTITUICAO_ENSINO, ID_CURSO) values (1, '1');
insert into INSTITUICOES_ENSINO_CURSO (ID_INSTITUICAO_ENSINO, ID_CURSO) values (1, '2');
insert into INSTITUICOES_ENSINO_CURSO (ID_INSTITUICAO_ENSINO, ID_CURSO) values (1, '3');
insert into INSTITUICOES_ENSINO_CURSO (ID_INSTITUICAO_ENSINO, ID_CURSO) values (1, '4');
insert into INSTITUICOES_ENSINO_CURSO (ID_INSTITUICAO_ENSINO, ID_CURSO) values (1, '5');
insert into INSTITUICOES_ENSINO_CURSO (ID_INSTITUICAO_ENSINO, ID_CURSO) values (1, '6');
insert into INSTITUICOES_ENSINO_CURSO (ID_INSTITUICAO_ENSINO, ID_CURSO) values (1, '7');
insert into INSTITUICOES_ENSINO_CURSO (ID_INSTITUICAO_ENSINO, ID_CURSO) values (1, '8');
insert into INSTITUICOES_ENSINO_CURSO (ID_INSTITUICAO_ENSINO, ID_CURSO) values (1, '9');
insert into INSTITUICOES_ENSINO_CURSO (ID_INSTITUICAO_ENSINO, ID_CURSO) values (1, '11');
insert into INSTITUICOES_ENSINO_CURSO (ID_INSTITUICAO_ENSINO, ID_CURSO) values (1, '12');
insert into INSTITUICOES_ENSINO_CURSO (ID_INSTITUICAO_ENSINO, ID_CURSO) values (1, '13');
insert into INSTITUICOES_ENSINO_CURSO (ID_INSTITUICAO_ENSINO, ID_CURSO) values (1, '14');
insert into INSTITUICOES_ENSINO_CURSO (ID_INSTITUICAO_ENSINO, ID_CURSO) values (1, '16');
insert into INSTITUICOES_ENSINO_CURSO (ID_INSTITUICAO_ENSINO, ID_CURSO) values (1, '17');
insert into INSTITUICOES_ENSINO_CURSO (ID_INSTITUICAO_ENSINO, ID_CURSO) values (1, '18');
insert into INSTITUICOES_ENSINO_CURSO (ID_INSTITUICAO_ENSINO, ID_CURSO) values (1, '19');
insert into INSTITUICOES_ENSINO_CURSO (ID_INSTITUICAO_ENSINO, ID_CURSO) values (1, '20');
insert into INSTITUICOES_ENSINO_CURSO (ID_INSTITUICAO_ENSINO, ID_CURSO) values (1, '21');
insert into INSTITUICOES_ENSINO_CURSO (ID_INSTITUICAO_ENSINO, ID_CURSO) values (1, '22');
insert into INSTITUICOES_ENSINO_CURSO (ID_INSTITUICAO_ENSINO, ID_CURSO) values (1, '23');
insert into INSTITUICOES_ENSINO_CURSO (ID_INSTITUICAO_ENSINO, ID_CURSO) values (1, '24');
insert into INSTITUICOES_ENSINO_CURSO (ID_INSTITUICAO_ENSINO, ID_CURSO) values (1, '25');
insert into INSTITUICOES_ENSINO_CURSO (ID_INSTITUICAO_ENSINO, ID_CURSO) values (1, '26');
insert into INSTITUICOES_ENSINO_CURSO (ID_INSTITUICAO_ENSINO, ID_CURSO) values (1, '27');
insert into INSTITUICOES_ENSINO_CURSO (ID_INSTITUICAO_ENSINO, ID_CURSO) values (1, '28');
insert into INSTITUICOES_ENSINO_CURSO (ID_INSTITUICAO_ENSINO, ID_CURSO) values (1, '29');
insert into INSTITUICOES_ENSINO_CURSO (ID_INSTITUICAO_ENSINO, ID_CURSO) values (1, '30');
insert into INSTITUICOES_ENSINO_CURSO (ID_INSTITUICAO_ENSINO, ID_CURSO) values (1, '31');
insert into INSTITUICOES_ENSINO_CURSO (ID_INSTITUICAO_ENSINO, ID_CURSO) values (1, '32');
insert into INSTITUICOES_ENSINO_CURSO (ID_INSTITUICAO_ENSINO, ID_CURSO) values (1, '34');
insert into INSTITUICOES_ENSINO_CURSO (ID_INSTITUICAO_ENSINO, ID_CURSO) values (1, '35');
insert into INSTITUICOES_ENSINO_CURSO (ID_INSTITUICAO_ENSINO, ID_CURSO) values (1, '36');
insert into INSTITUICOES_ENSINO_CURSO (ID_INSTITUICAO_ENSINO, ID_CURSO) values (1, '37');
insert into INSTITUICOES_ENSINO_CURSO (ID_INSTITUICAO_ENSINO, ID_CURSO) values (1, '38');
insert into INSTITUICOES_ENSINO_CURSO (ID_INSTITUICAO_ENSINO, ID_CURSO) values (1, '39');
insert into INSTITUICOES_ENSINO_CURSO (ID_INSTITUICAO_ENSINO, ID_CURSO) values (1, '41');
insert into INSTITUICOES_ENSINO_CURSO (ID_INSTITUICAO_ENSINO, ID_CURSO) values (1, '42');
insert into INSTITUICOES_ENSINO_CURSO (ID_INSTITUICAO_ENSINO, ID_CURSO) values (1, '43');
insert into INSTITUICOES_ENSINO_CURSO (ID_INSTITUICAO_ENSINO, ID_CURSO) values (1, '44');
insert into INSTITUICOES_ENSINO_CURSO (ID_INSTITUICAO_ENSINO, ID_CURSO) values (1, '46');
insert into INSTITUICOES_ENSINO_CURSO (ID_INSTITUICAO_ENSINO, ID_CURSO) values (1, '47');
insert into INSTITUICOES_ENSINO_CURSO (ID_INSTITUICAO_ENSINO, ID_CURSO) values (1, '50');
insert into INSTITUICOES_ENSINO_CURSO (ID_INSTITUICAO_ENSINO, ID_CURSO) values (1, '51');
insert into INSTITUICOES_ENSINO_CURSO (ID_INSTITUICAO_ENSINO, ID_CURSO) values (1, '53');
insert into INSTITUICOES_ENSINO_CURSO (ID_INSTITUICAO_ENSINO, ID_CURSO) values (1, '56');
insert into INSTITUICOES_ENSINO_CURSO (ID_INSTITUICAO_ENSINO, ID_CURSO) values (1, '57');
insert into INSTITUICOES_ENSINO_CURSO (ID_INSTITUICAO_ENSINO, ID_CURSO) values (1, '59');
insert into INSTITUICOES_ENSINO_CURSO (ID_INSTITUICAO_ENSINO, ID_CURSO) values (1, '60');
insert into INSTITUICOES_ENSINO_CURSO (ID_INSTITUICAO_ENSINO, ID_CURSO) values (1, '61');
insert into INSTITUICOES_ENSINO_CURSO (ID_INSTITUICAO_ENSINO, ID_CURSO) values (1, '62');
insert into INSTITUICOES_ENSINO_CURSO (ID_INSTITUICAO_ENSINO, ID_CURSO) values (1, '63');
insert into INSTITUICOES_ENSINO_CURSO (ID_INSTITUICAO_ENSINO, ID_CURSO) values (1, '64');
insert into INSTITUICOES_ENSINO_CURSO (ID_INSTITUICAO_ENSINO, ID_CURSO) values (1, '65');
insert into INSTITUICOES_ENSINO_CURSO (ID_INSTITUICAO_ENSINO, ID_CURSO) values (1, '66');
insert into INSTITUICOES_ENSINO_CURSO (ID_INSTITUICAO_ENSINO, ID_CURSO) values (1, '68');
insert into INSTITUICOES_ENSINO_CURSO (ID_INSTITUICAO_ENSINO, ID_CURSO) values (1, '70');
insert into INSTITUICOES_ENSINO_CURSO (ID_INSTITUICAO_ENSINO, ID_CURSO) values (1, '72');
insert into INSTITUICOES_ENSINO_CURSO (ID_INSTITUICAO_ENSINO, ID_CURSO) values (1, '74');
insert into INSTITUICOES_ENSINO_CURSO (ID_INSTITUICAO_ENSINO, ID_CURSO) values (1, '75');
insert into INSTITUICOES_ENSINO_CURSO (ID_INSTITUICAO_ENSINO, ID_CURSO) values (1, '77');
insert into INSTITUICOES_ENSINO_CURSO (ID_INSTITUICAO_ENSINO, ID_CURSO) values (1, '79');
insert into INSTITUICOES_ENSINO_CURSO (ID_INSTITUICAO_ENSINO, ID_CURSO) values (2, '1');
insert into INSTITUICOES_ENSINO_CURSO (ID_INSTITUICAO_ENSINO, ID_CURSO) values (2, '4');
insert into INSTITUICOES_ENSINO_CURSO (ID_INSTITUICAO_ENSINO, ID_CURSO) values (2, '10');
insert into INSTITUICOES_ENSINO_CURSO (ID_INSTITUICAO_ENSINO, ID_CURSO) values (2, '12');
insert into INSTITUICOES_ENSINO_CURSO (ID_INSTITUICAO_ENSINO, ID_CURSO) values (2, '13');
insert into INSTITUICOES_ENSINO_CURSO (ID_INSTITUICAO_ENSINO, ID_CURSO) values (2, '14');
insert into INSTITUICOES_ENSINO_CURSO (ID_INSTITUICAO_ENSINO, ID_CURSO) values (2, '15');
insert into INSTITUICOES_ENSINO_CURSO (ID_INSTITUICAO_ENSINO, ID_CURSO) values (2, '16');
insert into INSTITUICOES_ENSINO_CURSO (ID_INSTITUICAO_ENSINO, ID_CURSO) values (2, '17');
insert into INSTITUICOES_ENSINO_CURSO (ID_INSTITUICAO_ENSINO, ID_CURSO) values (2, '18');
insert into INSTITUICOES_ENSINO_CURSO (ID_INSTITUICAO_ENSINO, ID_CURSO) values (2, '21');
insert into INSTITUICOES_ENSINO_CURSO (ID_INSTITUICAO_ENSINO, ID_CURSO) values (2, '22');
insert into INSTITUICOES_ENSINO_CURSO (ID_INSTITUICAO_ENSINO, ID_CURSO) values (2, '25');
insert into INSTITUICOES_ENSINO_CURSO (ID_INSTITUICAO_ENSINO, ID_CURSO) values (2, '27');
insert into INSTITUICOES_ENSINO_CURSO (ID_INSTITUICAO_ENSINO, ID_CURSO) values (2, '28');
insert into INSTITUICOES_ENSINO_CURSO (ID_INSTITUICAO_ENSINO, ID_CURSO) values (2, '32');
insert into INSTITUICOES_ENSINO_CURSO (ID_INSTITUICAO_ENSINO, ID_CURSO) values (2, '33');
insert into INSTITUICOES_ENSINO_CURSO (ID_INSTITUICAO_ENSINO, ID_CURSO) values (2, '34');
insert into INSTITUICOES_ENSINO_CURSO (ID_INSTITUICAO_ENSINO, ID_CURSO) values (2, '37');
insert into INSTITUICOES_ENSINO_CURSO (ID_INSTITUICAO_ENSINO, ID_CURSO) values (2, '39');
insert into INSTITUICOES_ENSINO_CURSO (ID_INSTITUICAO_ENSINO, ID_CURSO) values (2, '40');
insert into INSTITUICOES_ENSINO_CURSO (ID_INSTITUICAO_ENSINO, ID_CURSO) values (2, '42');
insert into INSTITUICOES_ENSINO_CURSO (ID_INSTITUICAO_ENSINO, ID_CURSO) values (2, '43');
insert into INSTITUICOES_ENSINO_CURSO (ID_INSTITUICAO_ENSINO, ID_CURSO) values (2, '44');
insert into INSTITUICOES_ENSINO_CURSO (ID_INSTITUICAO_ENSINO, ID_CURSO) values (2, '45');
insert into INSTITUICOES_ENSINO_CURSO (ID_INSTITUICAO_ENSINO, ID_CURSO) values (2, '46');
insert into INSTITUICOES_ENSINO_CURSO (ID_INSTITUICAO_ENSINO, ID_CURSO) values (2, '48');
insert into INSTITUICOES_ENSINO_CURSO (ID_INSTITUICAO_ENSINO, ID_CURSO) values (2, '49');
insert into INSTITUICOES_ENSINO_CURSO (ID_INSTITUICAO_ENSINO, ID_CURSO) values (2, '50');
insert into INSTITUICOES_ENSINO_CURSO (ID_INSTITUICAO_ENSINO, ID_CURSO) values (2, '52');
insert into INSTITUICOES_ENSINO_CURSO (ID_INSTITUICAO_ENSINO, ID_CURSO) values (2, '53');
insert into INSTITUICOES_ENSINO_CURSO (ID_INSTITUICAO_ENSINO, ID_CURSO) values (2, '54');
insert into INSTITUICOES_ENSINO_CURSO (ID_INSTITUICAO_ENSINO, ID_CURSO) values (2, '55');
insert into INSTITUICOES_ENSINO_CURSO (ID_INSTITUICAO_ENSINO, ID_CURSO) values (2, '56');
insert into INSTITUICOES_ENSINO_CURSO (ID_INSTITUICAO_ENSINO, ID_CURSO) values (2, '57');
insert into INSTITUICOES_ENSINO_CURSO (ID_INSTITUICAO_ENSINO, ID_CURSO) values (2, '58');
insert into INSTITUICOES_ENSINO_CURSO (ID_INSTITUICAO_ENSINO, ID_CURSO) values (2, '59');
insert into INSTITUICOES_ENSINO_CURSO (ID_INSTITUICAO_ENSINO, ID_CURSO) values (2, '63');
insert into INSTITUICOES_ENSINO_CURSO (ID_INSTITUICAO_ENSINO, ID_CURSO) values (2, '64');
insert into INSTITUICOES_ENSINO_CURSO (ID_INSTITUICAO_ENSINO, ID_CURSO) values (2, '65');
insert into INSTITUICOES_ENSINO_CURSO (ID_INSTITUICAO_ENSINO, ID_CURSO) values (2, '67');
insert into INSTITUICOES_ENSINO_CURSO (ID_INSTITUICAO_ENSINO, ID_CURSO) values (2, '68');
insert into INSTITUICOES_ENSINO_CURSO (ID_INSTITUICAO_ENSINO, ID_CURSO) values (2, '69');
insert into INSTITUICOES_ENSINO_CURSO (ID_INSTITUICAO_ENSINO, ID_CURSO) values (2, '70');
insert into INSTITUICOES_ENSINO_CURSO (ID_INSTITUICAO_ENSINO, ID_CURSO) values (2, '71');
insert into INSTITUICOES_ENSINO_CURSO (ID_INSTITUICAO_ENSINO, ID_CURSO) values (2, '73');
insert into INSTITUICOES_ENSINO_CURSO (ID_INSTITUICAO_ENSINO, ID_CURSO) values (2, '75');
insert into INSTITUICOES_ENSINO_CURSO (ID_INSTITUICAO_ENSINO, ID_CURSO) values (2, '76');
insert into INSTITUICOES_ENSINO_CURSO (ID_INSTITUICAO_ENSINO, ID_CURSO) values (2, '78');


--UFRGS
insert into CONCURSOS (ID_INSTITUICAO_ENSINO, NOME, ANO, SEMESTRE, DATA_INICIO, DURACAO) values (1, 'Vestibular Verão 2010', 2010, 1, '01/01/2010', 5);
insert into CONCURSOS (ID_INSTITUICAO_ENSINO, NOME, ANO, SEMESTRE, DATA_INICIO, DURACAO) values (1, 'Vestibular Verão 2011', 2011, 1, '01/01/2011', 5);
insert into CONCURSOS (ID_INSTITUICAO_ENSINO, NOME, ANO, SEMESTRE, DATA_INICIO, DURACAO) values (1, 'Vestibular Verão 2012', 2012, 1, '01/01/2012', 5);
insert into CONCURSOS (ID_INSTITUICAO_ENSINO, NOME, ANO, SEMESTRE, DATA_INICIO, DURACAO) values (1, 'Vestibular Verão 2013', 2013, 1, '01/01/2013', 5);
insert into CONCURSOS (ID_INSTITUICAO_ENSINO, NOME, ANO, SEMESTRE, DATA_INICIO, DURACAO) values (1, 'Vestibular Verão 2014', 2014, 1, '01/01/2014', 5);
insert into CONCURSOS (ID_INSTITUICAO_ENSINO, NOME, ANO, SEMESTRE, DATA_INICIO, DURACAO) values (1, 'Vestibular Verão 2015', 2015, 1, '01/01/2015', 5);
insert into CONCURSOS (ID_INSTITUICAO_ENSINO, NOME, ANO, SEMESTRE, DATA_INICIO, DURACAO) values (1, 'Vestibular Verão 2016', 2016, 1, '01/01/2016', 5);

--PUCRS
insert into CONCURSOS (ID_INSTITUICAO_ENSINO, NOME, ANO, SEMESTRE, DATA_INICIO, DURACAO) values (2, 'Vestibular Verão 2010', 2010, 1, '01/01/2010', 2);
insert into CONCURSOS (ID_INSTITUICAO_ENSINO, NOME, ANO, SEMESTRE, DATA_INICIO, DURACAO) values (2, 'Vestibular Inverno 2010', 2010, 2, '01/07/2010', 2);
insert into CONCURSOS (ID_INSTITUICAO_ENSINO, NOME, ANO, SEMESTRE, DATA_INICIO, DURACAO) values (2, 'Vestibular Verão 2011', 2011, 1, '01/01/2011', 2);
insert into CONCURSOS (ID_INSTITUICAO_ENSINO, NOME, ANO, SEMESTRE, DATA_INICIO, DURACAO) values (2, 'Vestibular Inverno 2011', 2011, 2, '01/07/2011', 2);
insert into CONCURSOS (ID_INSTITUICAO_ENSINO, NOME, ANO, SEMESTRE, DATA_INICIO, DURACAO) values (2, 'Vestibular Verão 2012', 2012, 1, '01/01/2012', 2);
insert into CONCURSOS (ID_INSTITUICAO_ENSINO, NOME, ANO, SEMESTRE, DATA_INICIO, DURACAO) values (2, 'Vestibular Inverno 2012', 2012, 2, '01/07/2012', 2);
insert into CONCURSOS (ID_INSTITUICAO_ENSINO, NOME, ANO, SEMESTRE, DATA_INICIO, DURACAO) values (2, 'Vestibular Verão 2013', 2013, 1, '01/01/2013', 2);
insert into CONCURSOS (ID_INSTITUICAO_ENSINO, NOME, ANO, SEMESTRE, DATA_INICIO, DURACAO) values (2, 'Vestibular Inverno 2013', 2013, 2, '01/07/2013', 2);
insert into CONCURSOS (ID_INSTITUICAO_ENSINO, NOME, ANO, SEMESTRE, DATA_INICIO, DURACAO) values (2, 'Vestibular Verão 2014', 2014, 1, '01/01/2014', 2);
insert into CONCURSOS (ID_INSTITUICAO_ENSINO, NOME, ANO, SEMESTRE, DATA_INICIO, DURACAO) values (2, 'Vestibular Inverno 2014', 2014, 2, '01/07/2014', 2);
insert into CONCURSOS (ID_INSTITUICAO_ENSINO, NOME, ANO, SEMESTRE, DATA_INICIO, DURACAO) values (2, 'Vestibular Verão 2015', 2015, 1, '01/01/2015', 2);
insert into CONCURSOS (ID_INSTITUICAO_ENSINO, NOME, ANO, SEMESTRE, DATA_INICIO, DURACAO) values (2, 'Vestibular Inverno 2015', 2015, 2, '01/07/2015', 2);
insert into CONCURSOS (ID_INSTITUICAO_ENSINO, NOME, ANO, SEMESTRE, DATA_INICIO, DURACAO) values (2, 'Vestibular Verão 2016', 2016, 1, '01/01/2016', 2);

--MEC
insert into CONCURSOS (ID_INSTITUICAO_ENSINO, NOME, ANO, SEMESTRE, DATA_INICIO, DURACAO) values (3, 'Enem 2010', 2010, 2, '01/07/2010', 2);
insert into CONCURSOS (ID_INSTITUICAO_ENSINO, NOME, ANO, SEMESTRE, DATA_INICIO, DURACAO) values (3, 'Enem 2011', 2011, 2, '01/07/2011', 2);
insert into CONCURSOS (ID_INSTITUICAO_ENSINO, NOME, ANO, SEMESTRE, DATA_INICIO, DURACAO) values (3, 'Enem 2012', 2012, 2, '01/07/2012', 2);
insert into CONCURSOS (ID_INSTITUICAO_ENSINO, NOME, ANO, SEMESTRE, DATA_INICIO, DURACAO) values (3, 'Enem 2013', 2013, 2, '01/07/2013', 2);
insert into CONCURSOS (ID_INSTITUICAO_ENSINO, NOME, ANO, SEMESTRE, DATA_INICIO, DURACAO) values (3, 'Enem 2014', 2014, 2, '01/07/2014', 2);
insert into CONCURSOS (ID_INSTITUICAO_ENSINO, NOME, ANO, SEMESTRE, DATA_INICIO, DURACAO) values (3, 'Enem 2015', 2015, 2, '01/07/2015', 2);
insert into CONCURSOS (ID_INSTITUICAO_ENSINO, NOME, ANO, SEMESTRE, DATA_INICIO, DURACAO) values (3, 'Enem 2016', 2016, 2, '01/07/2016', 2);
